Ticker,EPS,BVPS,GrahamNumber,ClosingPrice,KGV,KBV
A,0.3012116299239821,8.07492795389049,7.397695569329467,33.37,110.7858949816171,4.132544610992148
AABA,0.1349216293769245,8.814394096975137,5.172830879172467,14.17,105.0239317849765,1.6075977366229588
AAPL,0.0776938108582633,1.856665472168238,1.801570664861196,283.75,3652.1570620038797,152.8277464376138
ABT,0.7829019876136527,13.846364951988315,15.617547805211055,52.24,66.72610470594367,3.772831366292886
ADBE,0.3103994219999276,9.8028917892464,8.274253366284668,26.15,84.24629089678555,2.6675801959464747
ADI,0.4506131457941122,10.180285678814336,10.1595195498261,31.38,69.63844773036804,3.0824282333553064
ADM,0.6923686263628027,24.0125,19.34098722692505,31.92,46.10260890601627,1.3293076522644458
ADP,0.6163131461779567,11.714896214896214,12.74562678825156,42.03,68.19585183384046,3.5877398509562775
ADSK,0.2067783525355668,6.692105263157894,5.579884074018355,31.97,154.6099947503016,4.777270939834841
AEE,0.5974333849654975,32.40284162139574,20.87024521725501,28.4,47.53668059852419,0.8764663399535724
AEP,0.7832660788811412,28.475026047840768,22.40154559326071,36.23,46.255035136658606,1.2723429976545106
AES,0.2785640521983404,8.461403511740844,7.282407851398152,11.35,40.74466863340531,1.3413850295936138
AET,0.8696800450629278,24.22243760600921,21.771078042815912,31.61,36.34670035198149,1.3049883960546584
AFL,0.4455146779154845,11.846944248171829,10.897463920456763,51.71,116.06800530556156,4.364838638282583
AGN,,,,42.31,,
AIG,-66.53597719647702,594.9552589479804,,39.1,-0.5876519989259328,0.06571922747458005
AIV,2.5396948066115668,10.79111111111111,24.83219480926501,21.38,8.418334338575493,1.9812602965403625
AIZ,1.0898214372331412,49.77951779715245,34.93769707186596,40.7,37.3455674567477,0.8176053485662365
AKAM,0.2119099558127515,11.210077380371532,7.31090675309645,50.18,236.79869030948316,4.47632949330604
AKS,0.106708510248307,7.300635785649409,4.186693121357577,13.81,129.41798145119455,1.891616073650162
ALL,0.2042772649888375,35.6332039193936,12.797605338010433,31.55,154.44694739634397,0.8854101380097541
ALTR,,,,18.31,,
AMAT,0.0939309370636165,5.432825493035546,3.3885076011333526,11.68,124.34667815662799,2.149894196854443
AMD,-0.6264752981452697,0.861150070126227,,7.11,-11.349210449397965,8.2564006514658
AMGN,1.013688971274166,25.126304801670145,23.939106217491464,55.11,54.36578828585751,2.1933189314943293
AMP,0.6003967572505209,42.89071680376029,24.070886230369297,47.33,78.83120524625208,1.1035021917808217
AMT,0.180509591029937,8.613536562871355,5.914692227954016,51.26,283.9738304625524,5.951097975360806
AMZN,0.0228339334024187,0.7139508928571421,0.6056417345693669,157.06,6878.359379964002,219.98711896201368
AN,-0.3275061299890746,13.5512104683628,,23.25,-70.99103763577068,1.715713888016158
ANDV,,,,13.36,,
ANF,0.6156562292795598,20.626807980049875,16.90349116363535,39.32,63.866810940924324,1.9062571406118711
AON,0.8278166106344129,20.91555554974568,19.73754029397637,39.11,47.24476351112031,1.8699001280162293
APA,1.0128820231379627,61.47165826330532,37.428994051618574,97.76,96.51667002355742,1.5903263839289743
APC,1.3285788069924656,41.67474747474748,35.29566816676695,57.05,42.940621737859416,1.3689345096708516
APD,1.0379316088233836,25.895891690009336,24.591842179549467,82.82,79.79331132798443,3.198190701112333
APH,0.1428375055859061,3.086578252527578,3.1495683218024886,48.98,342.90713632311497,15.868705081392513
APOL,-13.624617939784674,8.924023559606463,,7.57,-0.5556119102536565,0.8482720769883116
ARG,1.0872533707870236,23.064273749700885,23.75344103556644,67.95,62.496932017615585,2.9461148760810745
ARNC,,,,6.92,,
ATGE,0.6971512458358536,17.294202056142506,16.470433402205188,49.21,70.5872653802682,2.8454623023513093
ATI,0.767462862682987,21.00717948717949,19.04600161156764,46.45,60.52410124134818,2.2111488135924224
AVB,0.9549064810659332,38.88287047090836,28.903526823558156,103.93,108.83788314431177,2.6728993703733637
AVP,0.3860036967101,3.5218071080204423,5.530568475564283,32.11,83.18573183022012,9.117478332891597
AVY,-0.1741328883342021,13.3719165085389,,37.12,-213.17052944506358,2.7759670781893
AXP,0.639130756643129,13.411567476948868,13.88755804882687,42.03,65.7611913730327,3.133861875
AYE,,,,24.52,,
AZO,3.160251769743658,-15.839729845626072,,228.91,72.43410230526283,-14.451635364425764
BA,0.8606040780473682,6.013166066062216,10.79057426018916,66.54,77.3177837490303,11.065718004288282
BAC,0.210723005153041,23.10413897826971,10.466274692168478,13.1025,62.17878295008225,0.5671061800798282
BAX,0.8491133201959491,11.183219178082192,14.616975003486823,47.71,56.18802445472179,4.266213443576787
BBBY,0.5362421542280453,14.725873788485409,13.329451278001796,43.41,80.95223334780805,2.947872610041215
BBY,0.727041466860419,16.014510278113665,16.185558176416034,40.83,56.15910764528475,2.54956282090003
BCR,,,,81.43,,
BDX,1.266684102645127,23.827203254955432,26.05925249128975,74.1,58.4991947441846,3.109890791928723
BEAM,,,,18.75,,
BEN,0.4828391361726484,11.541319209507892,11.197477994698655,106.9,221.39878893697602,9.262372702761255
BHGE,,,,37.25,,
BIG,0.539357160741081,11.472334428127398,11.799276621687715,33.25,61.64746186796563,2.898276737686361
BIIB,0.7855962148300316,20.973113931227697,19.25406387351404,56.12,71.43618940697402,2.67580675831073
BK,0.2231288677894849,26.36339228592514,11.504553972953133,26.13,117.10721368717218,0.9911471071934189
BKNG,2.175878479594433,33.70391187976117,40.620824364969366,348.34,160.0916610310553,10.335298799816004
BMS,0.4062670959193356,16.70940996817712,12.358838048201806,31.75,78.15055740153755,1.900126938082644
BMY,0.8243116170548627,9.328271028037385,13.15338545575128,27.11,32.888047965234094,2.906219160926737
BRCM,0.1699591060385099,8.941369369369369,5.847436255104284,57.49,338.257839429761,6.429663916686483
BRK.B,,,,82.68,,
BSX,-0.2447438774143877,7.262797736544282,,6.13,-25.046591827999034,0.8440273600289907
BTUUQ,,,,7.75,,
BXP,0.548396053446115,31.963257996346574,19.8593001427724,83.12,151.5692891618654,2.600485845638786
C,-4.7987109406617146,56.41422536186717,,3.91,-0.8148021517338642,0.06930875989024816
CA,,,,25.195,,
CAG,0.471250946381764,11.114609286523216,10.855866076048294,21.94,46.556935680350314,1.973978520918669
CAH,0.7313339613243032,15.015763829177414,15.718925089801989,33.04,45.177718726710026,2.2003542660813133
CAM,,,,42.96,,
CAT,1.0029980531184353,15.550110654441983,18.73303074849569,78.68,78.44481826796664,5.059771068415168
CB,1.6231599273764767,67.34380486607674,49.59304106276128,58.25,35.8867903387375,0.8649644925147735
CBRE,-0.1736549407387124,2.464683087929478,,18.28,-105.2662246305146,7.416775036727581
CCL,0.7401216679538988,28.63751584283904,21.83788073079231,38.185,51.59286865031831,1.333390794423545
CEG,,,,53.01,,
CELG,-0.0215899318657513,11.130686267299447,,57.61,-2668.3734047066782,5.175781494196896
CERN,0.1426375937326888,5.184993441348653,4.07926920291604,83.99,588.8349473800166,16.198670441934755
CF,0.398497838275751,10.868354430379746,9.871567975135598,95.5,239.64998257761255,8.786978802702073
CFN,,,,24.84,,
CHK,-76.92419518410394,4833.227848101265,,44.99,-0.5848614976383529,0.009308479015255682
CHRW,0.5377353170250555,7.107735091777935,9.27344618334601,69.92,130.026795314138,9.837170223308105
CI,0.8657705086662744,,,35.78,41.32734903978116,
CINF,0.6614931420583937,30.70310440007844,21.37691728272537,28.82,43.56810096370719,0.9386672964550897
CL,0.5114822634342562,2.7489711934156382,5.624600002025519,76.86,150.26914029029527,27.959550898203588
CLF,1.0136260695259889,25.393623702390187,24.065366757037054,63.92,63.06073010719968,2.517167331025052
CLX,1.0010923782678725,2.000358487184083,6.712468383149178,66.76,66.68715240396762,33.37401792114696
CMA,0.3526289252919768,33.75220334406481,16.364445355945048,37.15,105.3515390696886,1.1006688843776677
CMCSA,0.1337006907750746,9.009602727773858,5.206080813532203,18.08,135.22742399600673,2.006747749738717
CME,0.9122587156635872,59.801670773483984,35.035387766128565,260.45,285.50014982377644,4.355229488261778
CMI,0.8772602971276494,21.44535240040858,20.574158911672807,90.58,103.25327647515749,4.22375899023577
CMS,0.2721477633995766,12.31877729257642,8.685152444247809,18.02,66.21402937470562,1.4628075150655793
CNP,0.2883932841011235,7.41156573767463,6.934877801874769,15.72,54.50889762914128,2.121009319271333
CNX,0.5079272110853374,13.757909587107562,12.53915366187985,36.96,72.76633185496004,2.6864546365848305
COF,0.534033309631335,57.76909084578232,26.34651632611499,39.55,74.05905078711847,0.6846221642224012
COL,0.963791352107566,9.579831932773107,14.413243262973092,58.25,60.43839247221103,6.080482456140352
COP,0.0887074217462534,46.817394544259216,9.666624703856709,57.43,647.4091893266595,1.2266808214991134
COST,0.7098401291512556,24.776294926911188,19.8925158990306,64.49,90.85144295393619,2.602891198633299
CPB,0.6379685101928736,2.723529411764706,6.252546283637176,35.75,56.03724859271172,13.126349892008639
CPWR,-0.1732102402121694,-3.615713434849755,,8.52,-49.188777693302924,-2.356381431636889
CRM,0.0271771482439898,2.395733883301663,1.2103542189135674,111.8,4113.750235907274,46.66628492390134
CSCO,0.3121601848806857,7.780414908579465,7.392330790555081,21.9,70.15628853619063,2.814759914133996
CSX,0.0946756683205923,2.535273368606702,2.3239289495024105,55.32,584.3106363154947,21.82013217391304
CTAS,0.4191759836785519,16.23234142109829,12.373143208513632,27.55,65.72418524131601,1.6972289631729511
CTL,0.8245241488150096,31.922488044642204,24.3355583738895,39.46,47.85790695968234,1.2361191879786098
CTSH,0.2203038195854054,5.580036922016326,5.259213588106607,64.47,292.64131743756195,11.55368699186026
CTXS,0.2827721861763419,13.325133832263562,9.20757772483805,68.24,241.32500767753828,5.1211493151966305
CVH,,,,21.53,,
CVS,0.5940931814761855,26.938970588235293,18.97619091665414,31.47,52.971488280347295,1.1681960859240659
CVX,2.0071603407417484,51.1798194042111,48.07636981382115,81.05,40.380431176737915,1.583632004636014
D,1.0586729521231095,21.114529914529918,22.42657104060738,43.66,41.24030930651652,2.067770401554404
DD,0.8580199916415368,58.2606965585689,33.53727707223413,44.62,52.003450309630225,0.7658679458997534
DE,0.9468682408015556,14.40565371024735,17.518725972225035,69.78,73.69557557546645,4.843931514913658
DELL,,,,42.1733,,
DFS,0.4214315360773576,11.227521246927324,10.31802836409454,16.68,39.57938258549838,1.4856351311350111
DGX,0.8165319164227414,22.27136258660508,20.227920392843,50.47,61.81019870124742,2.2661388500025925
DHI,-0.7289470316104456,8.189282356628016,,11.12,-15.25488069473696,1.3578723404255317
DHR,0.5087752635102769,18.480331903910937,14.544846304406844,40.61,79.81913216419514,2.197471355555353
DIS,0.5118456505626617,19.840824960338445,15.11613042710658,33.1,64.6679325371112,1.6682774061142356
DISCA,0.1599716373904134,11.727030251982873,6.496908895819134,23.92,149.52650601195543,2.0397320963639087
DNB,,,,25.35,,
DNR,0.2330595222112098,10.994617504350703,7.593023561488996,15.89,68.18000761882502,1.4452526423690624
DO,2.0856104763924304,26.88992805755396,35.522430976654015,7.5,3.59606939305995,0.2789148406774219
DOV,0.7358589140134082,23.43067999850044,19.696133671651776,52.21,70.95110082345035,2.228275065142857
DOW,,,,49.8,,
DRI,0.6915024447727971,13.494949494949497,14.490179011194702,42.78,61.86529103892897,3.1700748502994007
DTE,0.9400909054305896,39.32544378698225,28.84117839589235,45.93,48.85697727174873,1.1679461330123382
DTV,,,,52.0,,
DUK,0.7514440429052937,50.338686702323066,29.173633483473964,17.71,23.5679558141524,0.35181688598130845
DVA,0.4894035440752897,11.3120512302039,11.160804369019203,69.03,141.04924419873112,6.102341528978005
DVN,0.249106254869814,42.87816091954023,15.502496794173751,64.74,259.88909846456454,1.5098595324898134
DXC,1.342325781808262,45.15101073235186,36.92784491500407,62.25,46.3747332008645,1.3787066776646104
EA,-0.5252318865299774,8.01823708206687,,16.4475,-31.314740063979848,2.0512613722517057
EBAY,0.2972960542460049,11.486049226519,8.765388471892628,24.4,82.07307043439474,2.124316161179708
ECL,0.4790335976297379,8.437285223367697,9.536205725156428,50.74,105.92158932288243,6.013782710518278
ED,0.9386840120635463,38.31448763250884,28.44673850986184,48.22,51.369789386309094,1.258531771649912
EFX,0.5088155672609108,13.769106999195497,12.55522041784278,31.2,61.31887860262978,2.265942156003505
EIX,0.8968853232656909,35.40184049079755,26.72838006572342,34.39,38.34380952380954,0.9714184212806516
EL,0.26754157749843,5.43467208947636,5.719704252854064,63.23,236.33709792404528,11.63455659494855
EMC,,,,25.15,,
EMN,0.5242912802273915,12.58692628650904,12.185333527640378,74.0,141.1429157622177,5.879116022099447
EMR,0.6513853190971522,13.00932590373636,13.808218127748908,52.66,80.84308696577472,4.04786538439134
EOG,0.5696767604462203,20.155625498007968,16.073248189635763,92.97,163.1978105042899,4.612608028919195
EP,-0.062656813043674,1.454214175744035,,0.055,-0.8777975981903686,0.03782111391663458
EQR,0.4135101078434848,16.796382955393558,12.500926680189288,47.57,115.0395095493178,2.8321573833088034
EQT,0.3912364029542818,20.51200606170331,13.437391043336412,36.06,92.16933733084602,1.7579948002904202
ES,0.4540896477851209,21.06141917571913,14.66918127727429,29.57,65.1192999977678,1.403988959779599
ESRX,0.4047480435160437,6.056046642843709,7.42639839881959,48.7,120.32176752960535,8.041549689440993
ETFC,-5.046278020488606,18.893773109815577,,14.57,-2.887276511687174,0.7711535390689477
ETN,0.6261426461797817,21.500596658711217,17.404163609390032,82.49,131.74314272201002,3.836637713334258
ETR,1.6819283426532436,47.45986569728162,42.37973688252941,76.53,45.501343939108516,1.6125203659053642
EXC,1.0265011916182147,21.080060422960724,22.065151500271774,42.58,41.48071171050011,2.0199183088498747
EXPD,0.3375781083366646,8.138817244991657,7.862470789605354,46.23,136.9460840567751,5.680186519539841
EXPE,-0.9140572435424688,19.272677488754155,,28.23,-30.884280168923997,1.4647679346303881
F,-0.4295455495862684,-0.5145095763203711,,12.24,-28.495231790410536,-23.789644670050777
FAST,0.1012427902503708,2.162664229368314,2.219564962218523,53.19,525.3707436199901,24.594663969420765
FCX,-0.4165519502244985,12.309978768577494,,85.39,-204.99243840769324,6.936648844429114
FDO,,,,44.16,,
FDX,0.8614835971521936,45.23885350318472,29.612192261916466,85.5,99.2473916887534,1.8899683210137272
FE,0.9162449392712548,28.67434210526316,24.31329304968376,38.54,42.062988124827406,1.344058735803602
FHN,-0.2727038774932016,12.704450579250524,,11.41,-41.84025582945533,0.8981104636382561
FII,-0.6498838686624056,4.498947869932902,,22.76,-35.02164170784044,5.058960596567092
FIS,0.3432959529418543,18.84617700180614,12.065275239122508,27.13,79.02802164578719,1.439549251681122
FISV,0.1997121634571134,5.401606425702811,4.926687159945461,53.82,269.48784224430784,9.963702602230484
FITB,-0.066388000772108,17.552088008222327,,12.03,-181.20744502151413,0.6853885414866032
FLIR,0.3646089479495569,9.102171096293018,8.641266869980113,25.7,70.48647638662877,2.823502187348101
FLR,0.8644936730980836,19.74315560342893,19.596587582752612,49.53,57.293652390189834,2.50871750164385
FLS,0.5952881138470396,12.037866571104342,12.697833473933192,109.42,183.81015420058543,9.089650508558671
FMC,0.4397858941261838,9.385200553250346,9.636818633732664,68.41,155.55296546271612,7.289135656915481
FOXA,,,,38.0,,
FRX,,,,30.93,,
FSLR,1.4988127572931376,38.80649332330261,36.17571717772131,147.35,98.31114612749543,3.7970449628727194
FTI,0.6310093986865393,35.78671150925095,22.54083859319512,68.29,108.22342764172329,1.9082502169093374
FTR,1.8047278854883144,80.63636363636364,57.22194173458054,0.26,0.14406604014413535,0.0032243517474633597
GAS,,,,38.36,,
GD,1.532067203394356,33.4087952120739,33.93599398293909,62.81,40.996896128865586,1.880043850767194
GE,2.8618540565231005,86.5654862282181,74.65989705414289,16.25,5.6781372072279295,0.18771915584415583
GHC,4.015917168837762,324.40214770984,171.20856718752506,399.41,99.45673259879321,1.231218729036438
GILD,0.3289563061121737,3.528649253426746,5.11051436152827,35.61,108.25145874497093,10.091680255672443
GIS,0.5405881969325005,7.917194500231732,9.813189733312717,36.54,67.59304070518301,4.615271230096784
GLW,0.5472433098285926,11.827874116891458,12.067987075282335,18.28,33.403788902829454,1.5455017376194615
GME,0.1351027780202113,4.368510743801653,3.644098460418121,19.71,145.8889320325552,4.511835075137659
GNW,0.0138553814729693,3.694665985699693,1.0732183606140728,12.22,881.9677772019635,3.3074708369573456
GOOGL,0.1156862413590671,3.396712770853541,2.9734560703529387,525.79,4544.965709172384,154.79377724006883
GPC,0.7088368655643229,17.574000621933962,16.74170657717532,44.59,62.90587040009662,2.5372708786835707
GPS,0.3529640144795086,6.698142414860681,7.293460962866372,18.64,52.80991612554925,2.7828611046914724
GS,4.167366960378126,139.7949017715621,114.49006391221272,144.58,34.69336906843489,1.034229418725564
GT,0.1034876979213237,3.549586776859504,2.874911771247273,10.75,103.87708119831464,3.028521536670547
GWW,1.544001400961902,30.726631771637777,32.671763899437806,119.11,77.14371238639764,3.876441807394734
HAL,0.4606900429450174,10.813186813186814,10.586990539815336,33.07,71.78362221287871,3.058302845528455
HAR,,,,93.11,,
HAS,0.6598162142253228,10.762096686661987,12.640119959506102,44.51,67.45817856606982,4.135811198868293
HBAN,-0.6173078398849294,7.765821698927761,,5.69,-9.217443279289402,0.7326977389637503
HCBK,,,,12.26,,
HCP,,,,85.19,,
HD,0.4234053285492737,11.76346037507562,10.586123729305656,31.68,74.8219208968062,2.693085111853947
HES,1.4460741684015088,48.67158671586716,39.7946139120725,59.12,40.88310357230935,1.214671721000758
HIG,-0.3837466839127781,47.08173834721909,,22.95,-59.805077052382586,0.48745014108757
HNZ,,,,47.37,,
HOG,0.4031295008437868,9.37864019460052,9.22323951523881,28.44,70.54804954852594,3.032422548460011
HON,0.7815225306283805,13.478428847392143,15.395069210251728,43.94,56.22358700864349,3.2600238868717755
HOT,0.3440571238453147,11.25136612021858,9.332739951359033,67.78,197.0021699956817,6.024157357940747
HP,0.7987094019720336,26.477775367581177,21.81355273474013,40.46,50.656721831623926,1.5280739955796423
HPQ,0.8304071343471353,18.318260120585705,18.50030574319306,42.07,50.66189614697297,2.29661549312331
HRB,0.117978408928661,3.206690856767493,2.91756857968567,12.95,109.76584713759435,4.038431073787467
HRL,0.1510619659721833,4.331277542961389,3.836867767886403,44.6,295.2430793083461,10.2971928161191
HRS,,,,44.29,,
HSH,,,,13.43,,
HSP,,,,57.01,,
HST,0.0612753685606141,9.31398013750955,3.5834543708652262,14.48,236.31028813276356,1.5546522309711286
HSY,0.39504494678426,3.218515752010193,5.348627266830836,47.59,120.4673047646642,14.786318808685852
HUM,,,,50.24,,
IBM,2.407911537776517,17.716698534098153,30.98153423025033,134.14,55.70802660128695,7.5713880744671265
ICE,0.2234300000462077,,,104.72,468.6926553208736,
IFF,0.7145076986617162,11.935355419181672,13.85199714837379,48.52,67.90689602208444,4.065232939944297
IGT,0.2561909821608091,15.61614852562128,9.4876825219771,14.45,56.40323432980887,0.9253241909355567
INTC,0.2993978687947888,8.555336322869955,7.591614643310273,19.2,64.12871299748606,2.2442133512244213
INTU,0.3576467486269719,8.927215189873417,8.475716102867635,43.81,122.49517203270914,4.907465437788019
IP,0.0442535921309195,14.725680036883356,3.8291572649291714,21.749996,491.4854354795645,1.477011312586099
IPG,0.1050350421660527,4.836949652412049,3.380992049778277,10.03,95.49194052917412,2.073620922433692
IRM,0.1121201582638584,9.74185710239554,4.957400286677567,22.34,199.25052145775672,2.2931972585090117
ISRG,0.1737467219483095,5.663564579808234,4.705377780412037,283.74,1633.0667814522224,50.09919036000598
ITT,1.9914663686146703,47.02878870179251,45.904963225852505,46.83,23.515335602969028,0.9957730422730422
ITW,0.6822952676895557,17.734223196758467,16.499984020423156,47.02,68.9144454412281,2.651370712904668
IVZ,0.2704449732119726,17.100293747377254,10.200759329559336,21.23,78.50025736422211,1.2414991411042946
JBL,-0.3185918137873625,7.360460831642529,,14.41,-45.23028959437625,1.9577578537000824
JCI,0.3744909654476427,22.085526315789476,13.641615616540244,36.73,98.07980268921919,1.6630801310694068
JEC,0.454880294718726,22.684737011939337,15.237253584428348,38.7,85.07732792410813,1.7059928876244665
JEF,-0.4102213585925283,19.65748385850557,,23.62,-57.5786694311587,1.2015779928914907
JNJ,1.1349873337126646,19.18088117877622,22.132019490222078,61.96,54.5909175896459,3.2302999754025468
JNPR,0.1853170767281155,12.132884219746783,7.112642919997708,30.35,163.7733582670713,2.5014662177855524
JNS,-56.42128289400648,5.990120746432492,,10.95,-0.19407570048647715,1.8280098955470037
JPM,0.7449344203028291,43.95974002984093,27.144249441738744,38.06,51.09174574659597,0.8657921992751539
JWN,0.567851203752231,8.257299270072993,10.27135044337894,37.2,65.51011911957025,4.50510497237569
K,0.7735524917065056,6.254593175853018,10.433636137766698,50.51,65.2961506058519,8.075665127989929
KDP,0.2938470467584952,10.861344537815128,8.47410262894712,35.52,120.8792138353288,3.2703133462282397
KEY,-0.3558626931991702,12.732822297420157,,7.96,-22.368177817237296,0.6251559798814442
KG,,,,14.24,,
KIM,0.1465008578879519,12.1776008121147,6.335665058604032,15.74,107.4396438827574,1.2925370311318878
KLAC,0.0831389058457941,14.003822067505247,5.1181935287668034,35.23,423.7486606492578,2.5157417617971887
KMB,1.0783686555048992,13.838630806845966,18.324049175527804,65.05,60.322599018369246,4.700609540636042
KMX,0.2275432710946549,9.28399377179088,6.89430794295216,27.86,122.43825038627762,3.000863710685774
KO,0.3509312002860923,5.537760416666667,6.612555517585239,58.52,166.75633272929934,10.567448859628497
KR,0.163195865066023,4.055014911316904,3.858709303890312,21.66,132.72395100964823,5.341533995238926
KSS,0.7997604834608166,27.286644951140065,22.15880317296756,52.68,65.86972110954642,1.9306147785603438
L,1.060811758783817,45.15287188450212,32.828656572476866,37.9,35.72735660797256,0.8393707513653959
LDOS,1.2676214386923503,25.12396694214876,26.768877081780577,15.98,12.606287265450959,0.636046052631579
LEG,0.1088890965787368,9.897810218978105,4.924396540610543,22.76,209.02000948774918,2.299498525073746
LEN,-1.534927233589748,13.398021596315036,,15.38,-10.020018971212505,1.1479306768866595
LH,1.195872724078982,22.32251720747296,24.507856146081288,78.43,65.58390238426415,3.5134926438199283
LIFE,,,,14.95,,
LLL,,,,72.27,,
LLTC,0.4586942972555078,0.6465359009796521,2.5831477777862726,42.01,91.58605252203309,64.97705686002136
LLY,0.5560631500412598,11.29481346678799,11.88756345926649,36.53,65.69397737880936,3.2342278256666397
LM,-0.8581434292898131,37.60500871770487,,30.31,-35.320435914872775,0.8060096522655426
LMT,1.9207015939272345,10.880311024715358,21.684123025174063,71.28,37.11143897905279,6.551283307810107
LNC,0.183887666408924,42.805082287912406,13.308074638287804,23.92,130.07941460743433,0.5588121484993547
LO,,,,80.31,,
LOW,0.3884963196370578,13.55892731122089,10.886728184780925,22.29,57.375060903598346,1.6439353562691925
LSI,0.2446334089245371,15.346514432720731,9.190814880503623,37.9,154.92569132980174,2.469616157216283
LUV,0.0877890374783482,7.975871313672922,3.969177052962816,13.07,148.87963663143606,1.63869243697479
LXK,0.8756449123675736,16.48854961832061,18.02380587378985,30.64,34.99135273584289,1.8582592592592593
M,-0.7024757138941737,11.58605974395448,,23.08,-32.8552283637765,1.992049109883364
MA,0.1911519791573779,3.696183152498107,3.987102495658197,224.0,1171.8424312812263,60.60305746716233
MAR,0.1062941345248448,3.731754337648031,2.987462291902903,35.83,337.08351039468903,9.601382287822878
MAS,-0.1162380463686734,7.749712973593571,,11.01,-94.71941712681122,1.4206977777777776
MAT,0.3869855510587306,7.92318358291736,8.305934337082864,23.46,60.62241842316126,2.96093101396521
MCD,1.0379858251109553,12.853722902921772,17.326124751241373,74.51,71.78325387250378,5.796764140843831
MCHP,0.1779050320715869,4.39382618637381,4.19379127324975,31.45,176.77971012840655,7.157770623137788
MCK,0.9808877847047536,26.414728682170544,24.14482151029918,61.78,62.983759165270605,2.338846661775495
MCO,0.4772897054442258,-1.270166453265044,,24.98,52.337185812022646,-19.66671370967743
MDLZ,0.5254808067452655,20.012585812356978,15.382300513871924,30.86,58.727168725992755,1.5420296152306903
MDT,0.5743611010289495,13.44351348862904,13.180751200257763,33.58,58.46496209412946,2.497858913773029
MET,0.595772329750193,51.17930183288159,26.19259947922684,38.45,64.53807617437027,0.7512802758731013
MFE,,,,47.26,,
MHS,,,,52.06,,
MI,,,,0.1842,,
MIL,,,,7.46,,
MJN,0.6421568627450979,-2.073529411764706,,56.91,88.62320610687024,-27.445957446808507
MKC,0.2756304905572811,5.150037509377344,5.651452531403471,42.04,152.52303877920687,8.163047341587765
MMC,0.4089237266490247,11.813996316758749,10.425834571414605,24.12,58.98410492747457,2.0416461418550274
MMM,1.266207998721632,22.17507002801121,25.13484928217797,86.71,68.48006021723344,3.9102469525674213
MO,0.5876608611880608,2.476923076923077,5.72283075416589,24.02,40.873914848505144,9.69751552795031
MON,,,,9.7852,,
MRK,0.7835392215185464,18.05015232925282,17.83865330813858,36.81,46.979141552939744,2.039317969651935
MRO,0.9309714548208268,32.89577464788732,26.250011649169583,33.1,35.554258756913626,1.0062082548381572
MS,0.0998262321792325,41.29737616863475,9.631076413909966,24.68,247.22960549776553,0.5976166596933681
MSFT,0.4826400119325386,5.4495008126306015,7.69274402198424,24.49,50.74175243353655,4.493989604192407
MSI,-1.0038429151343915,30.40710706792373,,8.53,-8.497345422673057,0.2805265223339265
MTB,1.1662248815994822,63.876997755428285,40.94064292662893,81.81,70.14942082850887,1.280742722336974
MU,-0.2007119773503496,7.019079292840889,,7.21,-35.92212131623166,1.0272002493765586
MUR,1.4592745071177158,0.041506376859917,1.1673932271416496,61.92,42.432043935517804,1491.8189609509516
MWV,,,,24.38,,
MWW,0.1497592373493567,9.352505254762518,5.613736832167095,12.96,86.53890223657493,1.385724963201754
MYL,,,,18.81,,
NBL,0.5367192417240364,19.248571428571427,15.246287085117173,75.09,139.90554867904072,3.9010687249517595
NBR,13.150181277847794,912.7165401252096,519.6669405047547,18.06,1.3733650980479688,0.01978708526255311
NDAQ,0.2058678136980268,8.440126544331404,6.252590181505921,19.43,94.3809508197358,2.302098185133215
NEE,0.2705024841602823,8.60975906546605,7.238896831885141,54.39,201.07024217852285,6.317249947000212
NEM,0.6193121702829729,24.843813387423936,18.606093348929825,62.81,101.41896609475829,2.5281948073154803
NI,-0.0061070854398899,17.5400934915498,,17.4,-2849.149593740364,0.9920129563951701
NKE,0.2303285097782521,5.035446205170976,5.108390496171537,80.14,347.9378218404421,15.915173498964805
NOC,0.749332799861,44.95400340715503,27.53041877371282,60.63,80.91197931179146,1.3487119145065938
NOV,1.0344234625571098,36.65707434052758,29.20917834769053,44.47,42.99013084068058,1.2131355488682454
NRG,0.9492365536504396,32.55555555555556,26.36884099745279,20.82,21.933415774954504,0.6395221843003412
NSC,0.9571407342075126,29.45399945399945,25.185541683907573,59.51,62.17476476881189,2.0204386875521365
NSM,,,,14.2,,
NTAP,0.2161007382299588,8.087116912599319,6.270703193159895,49.79,230.4018043058098,6.156705849328047
NTRS,0.8377899883471669,27.955457172912407,22.955784633301366,48.24,57.58006263021863,1.725602257248807
NUE,0.6711873743660189,22.94258648911347,18.613769733797906,38.2,56.91406224093896,1.6650258687322093
NVDA,0.014293883157546,1.204909002660781,0.6225059367097981,11.682,817.2726663036182,9.695337966769964
NVLS,,,,26.58,,
NWL,0.2045931745318847,6.840102451518478,5.611360011645001,17.81,87.05080235814226,2.603762169680111
NYT,0.0346246363379613,4.512527177081404,1.8749676745510155,7.74,223.5402539524761,1.7152251269112686
ODP,-5.234024511810641,29.42392990186841,,4.6,-0.8788648180038215,0.1563353370994777
OI,0.9428544899947398,11.88503731320403,15.878660770873038,28.06,29.760689796531114,2.3609517800020634
OKE,0.3902088817336449,11.341652339749912,9.978792673534,45.04,115.42535833601075,3.971202665254078
OMC,0.7198547273916639,13.75609756097561,14.926614379821958,39.48,54.84439915127407,2.8699999999999997
ORCL,0.2823724379830473,6.468762435336251,6.410811566485062,26.85,95.08718411678687,4.150716658464567
ORLY,0.5269937934214597,22.14398081120211,16.203985932659187,53.2,100.94995551010913,2.4024587292402004
OXY,1.4900015653339105,39.01562692260367,36.16628632734048,78.3,52.55028036326452,2.0068881670240946
PAYX,0.3636989666903713,3.974004424778761,5.702646693912176,27.49,75.58448749567971,6.9174558107167705
PBCT,0.0952569573771256,15.111693287134848,5.691099478602354,13.09,137.41778406984213,0.866216627831112
PBI,0.4232998246430103,-0.339908923459742,,21.38,50.50793493248151,-62.89920188733202
PCAR,0.2773466557832599,9.71224993148808,7.785072309822294,48.15,173.60944866639434,4.957656602708803
PCG,0.8241122343950804,28.264102564102565,22.892964773892253,45.42,55.11385234238083,1.6069853941758143
PCL,0.3668341196360362,8.45252774352651,8.35255651903378,35.3,96.22878055897252,4.176265499635303
PCP,2.450943254157586,45.58720112517581,50.13942529744116,232.15,94.71863520552715,5.09243810258388
PDCO,0.4389341775742315,12.484086975517132,11.103741716677543,28.65,65.27174565975733,2.294921531401236
PEG,0.7277004260072268,18.889404974849043,17.58639050693647,33.08,45.45826664071718,1.7512462697499216
PEP,1.0709235366190024,12.516007532956683,17.366144035442673,66.44,62.03991015993241,5.308402046343666
PFE,0.2960256085382146,10.74310216256525,8.4590336619135,17.17,58.001738717086326,1.598234824558359
PFG,0.4931896585630731,30.89447393068998,18.51563632745745,25.92,52.55584651859674,0.8389849931787177
PG,1.0684937816209437,21.949065241123552,22.971284112060225,59.97,56.125736089004974,2.732234805500546
PGN,,,,12.5,,
PGR,0.2632611742173018,10.236352546508082,7.78676886132237,20.87,79.27488761701498,2.038812155519142
PH,1.0253059126557869,30.35200612210873,26.46133131768244,70.06,68.33082608343484,2.308249402630673
PHM,-1.485423151198815,6.005541549855643,,8.76,-5.897309458877235,1.4586528004640258
PLD,-0.1399890992645276,19.948160864854824,,26.47,-189.0861512722608,1.326939369465158
PLL,0.0,0.0,0.0,15.71,,
PM,0.8469778629112703,2.479212253829321,6.873598233106539,56.02,66.14104388448305,22.59588702559577
PNC,1.1325619331239625,57.44168260038241,38.25919392087474,51.91,45.8341380561996,0.9036991545170094
PNW,0.6423768348368626,34.21575594668238,22.238181190197608,41.27,64.24577874213178,1.206169463691233
POM,0.3260504917540036,18.597345132743364,11.680438961427038,18.6,57.04637922777067,1.0001427551748752
PPG,0.427142303351505,11.79658952496955,10.647699492436098,72.8,170.4350035779323,6.171275167785234
PPL,0.5392811379664998,17.249954409058507,14.4674786497411,27.23,50.49314371104804,1.5785548966842864
PRU,1.1205517995310537,71.84069862824356,42.55910646227837,54.18,48.3511784307286,0.7541686124235378
PSA,1.1769277636642663,51.30980865490433,36.86093613801479,97.04,82.4519592416395,1.8912563220156282
PWR,0.2207084175083227,15.447237236663677,8.758427023218422,19.08,86.44890038813544,1.2351723293738275
PX,2.906649977870953,19.526742935367164,35.73571960548684,12.08,4.155987164594305,0.6186387581372058
PXD,0.6530146328308238,36.09516368466287,23.02911366860313,65.03,99.58429218973917,1.8016264053577842
Q,,,,42.11,,
QCOM,0.4242296384341625,12.8673658235657,11.082470568242265,45.1325,106.38695628760095,3.507516660274235
QEP,0.5932166532436305,17.206955530216646,15.154790756500391,30.14,50.80774424520696,1.7516172426360956
QLGC,0.1782859302580663,4.823495624859771,4.398764781493931,11.76,65.96145855692353,2.4380658581693826
R,0.6580434023258609,27.394016611877294,20.139393427550026,42.77,64.99571281898582,1.5612898468294023
RAI,0.8604653740965411,22.720471277022163,20.973293098205477,59.39,69.02079013040756,2.6139422583220244
RDC,,,,30.36,,
RF,-0.6824929548120893,13.653937947494033,,7.27,-10.652124609845457,0.5324471246285615
RHI,0.2415536928058572,5.97861210715039,5.700307555523618,26.0,107.63652460861717,4.348835404274536
RHT,0.111381196514259,6.271279784801329,3.9643800949712538,41.0,368.1052213759545,6.537740526162613
RL,1.1144631063872317,30.512345679012345,27.660619657616948,89.86,80.63075348568535,2.945037426663969
ROK,0.7606011338688818,10.259496629220743,13.25051535997595,61.73,81.15948984457007,6.016864397048755
ROP,0.7423679849991565,27.953759860887267,21.60831942966034,65.18,87.80012246901255,2.331707803328434
ROST,0.1854638426212871,2.649009400160182,3.3247778731979087,54.66,294.720519252987,20.63412836386869
RRC,0.2316835503210642,16.391613465810362,9.24378234669737,38.13,164.57793376853868,2.3261895529400802
RRD,-0.1741586163375688,32.01845221452503,,16.96,-97.38249164271443,0.5296945613225543
RSG,0.2941603440778689,20.270572916666666,11.582874031776372,30.49,103.65095300517059,1.5041508755251223
RSHCQ,,,,0.109,,
RTN,,,,45.71,,
S,,,,42.5,,
SBUX,,,,25.55,,
SCG,,,,40.32,,
SCHW,0.2737416205764492,5.062919463087248,5.584215703225912,13.9,50.777810004664886,2.7454515327257667
SE,,,,16.26,,
SEE,0.3795332371730593,15.157927984838912,11.377218167493558,22.48,59.230649119011375,1.4830523025630342
SHLD,,,,24.739,,
SHW,0.3572237232658291,5.144630080524952,6.430407298475454,75.14,210.344372745044,14.605520479391357
SIAL,,,,60.38,,
SII,0.6875635987464954,5.413904503456734,9.15172565325785,33.2965,48.42679289698176,6.150182364454427
SJM,0.8653596872864587,45.22268335117533,29.673430207310403,60.53,69.94779268006604,1.3384875800039593
SLB,0.9298554703369408,24.91273018414732,22.83019634085625,61.61,66.25760880631816,2.473032844838668
SLM,-0.4420884288031309,9.431086597938144,,11.55,-26.125994817981095,1.2246733056745658
SNA,0.795499996238321,21.529310344827586,19.63027614966967,46.51,58.466373626564085,2.160310723152078
SNDK,-0.2900554031036425,19.835435404165963,,36.65,-126.35517079785008,1.847703327566106
SNI,0.1670314140182063,9.764626854034343,6.0578450948141525,47.58,284.8565958665345,4.872690038364538
SO,0.609618723437097,20.73803827751196,16.86569504882162,37.24,61.087362589581915,1.795733979350522
SPG,0.4580950115099849,16.459666986143766,13.02505489788934,92.74,202.4470855823292,5.634378877657201
SPGI,0.6818918674548882,6.93359375,10.3140257311645,33.06,48.48276035816947,4.768090140845071
SPLS,0.460629186425589,8.970007230859082,9.641916847396116,20.92,45.416140827584016,2.332216626094786
SRCL,0.4819749287446949,11.752627698186734,11.289402893484702,69.48,144.1568759208303,5.91186939502217
SRE,1.0205297161920712,35.68359089950865,28.62452986690375,53.8,52.71772016668493,1.5076957964099067
STI,-0.425737204324923,47.32540187342375,,4.53,-10.640366766120586,0.09572026481921722
STJ,0.8674871407323557,-9.545746413053145,,39.34,45.349375400294846,-4.121207320802624
STT,1.0274162204181538,35.440734756288215,28.623044551957232,37.66,36.65505688110758,1.0626190528772268
STZ,-0.2420859173768688,11.61703327962824,,17.69,-73.07323032946597,1.522763994403062
SUN,,,,22.91,,
SUNEQ,,,,5.75,,
SVU,-9.852503593002565,47.91042526891584,,11.53,-1.1702609282161363,0.24065743385251548
SWK,0.9102807730974662,40.585334700669954,28.831252514836542,61.28,67.31988833673694,1.5099050051443443
SWN,0.2486996695845375,8.30789720911518,6.818273538375244,33.44,134.45936641517386,4.025085910224143
SWY,,,,21.16,,
SYK,0.7152186493913104,18.403022670025187,17.20898494747422,50.05,69.97860030998247,2.719661921708185
SYMC,0.413735343383584,-0.9736180904522612,,15.13,36.569271255060784,-15.539974193548389
SYY,0.4662245960155991,6.501531857513916,8.258414886309563,28.52,61.17223381978279,4.386658502186529
T,0.654509816167303,19.12235572854967,16.781085021029583,28.6,43.69682362821796,1.495631626458042
TAP,0.8418871059265112,40.88978494623656,27.830794293062347,47.22,56.0882803259394,1.1548116494642036
TDC,0.3708595475794618,6.483253588516747,7.355166285360615,38.56,103.97467249171463,5.947630996309963
TEG,,,,52.06,,
TER,-0.1508997784069302,5.04892494027446,,11.14,-73.82383272928907,2.206410301555093
TGNA,-1.8190930346216816,8.580579622817801,,12.23,-6.723130575090946,1.4253116383277329
TGT,0.8221482816083341,20.88360005471208,19.6548176720744,53.44,65.00043993944448,2.5589457689284774
THC,0.7239590032793983,14.105232785804084,15.15787686466277,4.72,6.51970619692453,0.33462758620689653
TIE,,,,19.96,,
TIF,0.5262724472173524,15.492895813139793,13.544496829578144,46.99,89.28835292149155,3.0330030335676157
TJX,0.1641680410420404,1.821883431809103,2.5941546340105925,44.63,271.85559209158794,24.49662762215422
TMO,0.5565677184635751,37.49108233569509,21.66777188734289,47.88,86.02726750335869,1.2771037008556478
TMUS,0.2241137724925844,14.163768356552644,8.451133064844463,10.46,46.67272289277138,0.7385040292021471
TPR,0.5433318729370914,5.080231788973487,7.880714859027326,42.96,79.06769718435797,8.456307071115058
TROW,0.5259295179014667,11.993737769080235,11.913306269101035,50.065,95.19336393166606,4.17426168254797
TRV,1.5296791444680748,58.585533376261,44.90416509520144,52.1,34.05943016770165,0.8892980399340539
TSN,0.0425511696304015,16.19736842105263,3.937941321697444,16.02,376.4878883271449,0.9890495532087734
TSS,0.3745842184767788,6.078005712174096,7.157255964461726,15.24,40.68510964496161,2.5074013947493756
TWC,-0.0684834321506632,26.594243792325056,,53.99,-788.365861705387,2.0301385676392574
TWX,-0.4814234592989904,29.446030330062445,,30.65,-63.665364468590774,1.04088733375746
TXN,0.4346760688559343,8.41385135135135,9.071342026416538,27.14,62.437299737784905,3.2256334069463968
TXT,0.3479015609764666,10.63123408415968,9.12244572426555,20.56,59.09717663322228,1.9339241180507893
UNH,0.8370569191461877,22.9695067264574,20.799102192931585,35.11,41.94457891323901,1.528548280035922
UNM,0.5515601860092623,27.62165403965135,18.51452414727032,22.15,40.15880870637758,0.8019070823276296
UNP,0.5513652967163661,17.683569979716026,14.811394370537563,81.8,148.35899264454366,4.625762789630649
UPS,0.4598261285628121,8.511066398390343,9.3838286971811,66.69,145.03308067429703,7.835680851063829
URBN,0.3099478871438162,8.130355803438734,7.52992022318791,31.44,101.43640690608032,3.86698943565329
USB,0.4096926306100454,15.238369053842131,11.85194367338936,21.62,52.77126895791884,1.418787005591575
UTX,1.1339223821057045,23.10217391304348,24.27780100614997,71.23,62.81735074999157,3.083259621718265
V,0.1391306387739015,7.452622169249106,4.830111993146099,74.26,533.7429674327773,9.964278117628243
VAR,0.6172843685966253,11.142971887550202,12.44040205269381,60.5,98.00993363487345,5.429431269372161
VFC,0.3245598577148793,8.352673531760235,7.810006849718901,81.02,249.63037810786443,9.699888268340581
VIAB,-528.3121646613133,15.29324546952224,,36.19,-0.06850116734147212,2.366404179683292
VIAV,-0.367374792034063,4.096934174932372,,6.24,-16.985378788377584,1.5230901287553649
VLO,-0.0230873685022546,27.30496453900709,,17.51,-758.4233776270371,0.6412753246753248
VMC,0.154203794309243,31.405841277740628,10.438642032912265,36.92,239.42342122892245,1.1755774880696357
VNO,0.5612935993008105,33.10876785303241,20.448328494634456,85.53,152.38014491264929,2.5833036245764838
VRSN,0.2569154846366795,7.175443043808909,6.440369136110816,31.74,123.54257293944562,4.423420241261032
VTR,0.3750635837804456,15.332099009774566,11.374819560474798,51.57,137.4966865089947,3.3635316317174144
VZ,0.4628490115824056,13.402969247083774,11.814393722758156,32.59,70.41173079009089,2.4315507555977534
WAT,0.8245137430056144,8.778020126981385,12.761111244684413,70.78,85.84453637120035,8.063321680300142
WBA,0.5200778540359253,15.503875968992247,13.469317251510352,33.5,64.41343298898846,2.16075
WDC,1.007950961724362,20.473913043478262,21.5482193627405,28.39,28.16605279232189,1.3866425992779783
WEC,0.411035072711719,15.943969204448246,12.143081864931792,57.8,140.6206035379814,3.6251951605547656
WELL,0.5019542252341532,32.96146786062028,19.29419164949797,47.34,94.31138860902443,1.4362224461659379
WFC,0.4775166601153727,23.598404610599037,15.923071483176551,25.115,52.595023582909064,1.0642668610199095
WFM,0.3630221830084686,13.978800089953747,10.6854493027254,37.11,102.22515795717722,2.6547342948748605
WHR,1.579665398324598,52.65359477124183,43.260130484599244,80.96,51.251359994253605,1.53759682224429
WM,0.5250543040173894,12.796983029541169,12.29552755709192,35.74,68.06914966040603,2.7928457760314345
WMB,0.1126735907833494,12.01380433146813,5.518773925645903,19.11,169.60496126146379,1.5906701551601423
WMT,0.8794160472830886,17.490800865800868,18.603441795200425,53.52,60.85856650597557,3.059894192989512
WU,0.3145414411661346,0.6642391139432561,2.1681654420313805,17.67,56.177017357363276,26.601866148926447
WY,-0.0115409813881341,14.525678311366264,,15.76,-1365.5684443095713,1.0849751496746205
WYND,-0.1118059654246884,16.44632768361582,,27.47,-245.6935092475327,1.6702816901408448
WYNN,0.2660645826670358,25.053620154596768,12.246727003222231,86.77,326.123827268613,3.4633717388774126
X,0.6508779038445491,31.44925518585549,21.46081473497555,43.84,67.35518250204792,1.3939916777335106
XEL,0.4010670724173301,16.745152246286953,12.292615943871253,22.97,57.27221599508069,1.3717402900946054
XL,,,,21.66,,
XLNX,0.3501216171990923,6.861975692492016,7.352335384033684,26.64,76.0878468833631,3.882263825147031
XOM,1.6228683137696625,28.571907013396377,32.29999934226499,61.79,38.07456185799312,2.1626137860181616
XRAY,0.4635267080993142,12.65591820408278,11.488821189314212,31.97,68.97121447670752,2.5260909152910394
XRX,0.5489623257784938,34.33902141863299,20.59474821200617,10.35,18.853752824153226,0.30140637596573727
YUM,0.5512338059617123,3.289640591966173,6.387536679699164,46.06,83.5580102342258,14.001529562982007
ZBH,0.8623357537411462,29.29994967287368,23.84310946959397,52.330002,60.684022172306086,1.7860099619368246
ZION,-0.9246632020097114,37.57517137650768,,21.36,-23.100302849269937,0.5684604811504453
